aura,atributo,tipo,base,fonte_base,caso_bonus,contribuicao_esperada,total_esperado,resto_esperado,fonte_total
Warrior Aura,DamageMod,buff,20,docs/cobertura/status.csv:547,0,20,,,
Warrior Aura,DamageMod,buff,20,docs/cobertura/status.csv:547,20,24,,,
Warrior Aura,DamageMod,buff,20,docs/cobertura/status.csv:547,100,40,,,
Guardian Aura,DamageReduction,buff,20,docs/cobertura/status.csv:216,0,20,,,
Guardian Aura,DamageReduction,buff,20,docs/cobertura/status.csv:216,20,24,,,
Guardian Aura,DamageReduction,buff,20,docs/cobertura/status.csv:216,100,40,,,
Conqueror Aura,CritChance,buff,20,docs/cobertura/status.csv:77,0,20,,,
Conqueror Aura,CritChance,buff,20,docs/cobertura/status.csv:77,20,24,,,
Conqueror Aura,CritChance,buff,20,docs/cobertura/status.csv:77,100,40,,,
Rogue Aura,DodgeChance,buff,20,docs/cobertura/status.csv:402,0,20,,,
Rogue Aura,DodgeChance,buff,20,docs/cobertura/status.csv:402,20,24,,,
Rogue Aura,DodgeChance,buff,20,docs/cobertura/status.csv:402,100,40,57,17,docs/cobertura/revisao/RV-19-shrines.md:488
Reaper Aura,LifeOnHit,buff,8,docs/cobertura/status.csv:387,0,8,,,
Reaper Aura,LifeOnHit,buff,8,docs/cobertura/status.csv:387,20,10,,,
Reaper Aura,LifeOnHit,buff,8,docs/cobertura/status.csv:387,100,16,,,
Seraph Aura,HealthPerTurnPercent,buff,10,docs/cobertura/status.csv:418,0,10,,,
Seraph Aura,HealthPerTurnPercent,buff,10,docs/cobertura/status.csv:418,20,12,,,
Seraph Aura,HealthPerTurnPercent,buff,10,docs/cobertura/status.csv:418,100,20,,,
Shaman Aura,ManaPerTurnPercent,buff,10,docs/cobertura/status.csv:421,0,10,,,
Shaman Aura,ManaPerTurnPercent,buff,10,docs/cobertura/status.csv:421,20,12,,,
Shaman Aura,ManaPerTurnPercent,buff,10,docs/cobertura/status.csv:421,100,20,,,
Energy Aura,ManaCostMod,buff,-50,docs/cobertura/status.csv:170,0,-50,,,
Energy Aura,ManaCostMod,buff,-50,docs/cobertura/status.csv:170,20,-60,,,
Energy Aura,ManaCostMod,buff,-50,docs/cobertura/status.csv:170,100,-100,,,
Fury,DamageMod,buff,25,docs/cobertura/status.csv:205,0,25,50,25,docs/cobertura/revisao/RV-19-shrines.md:486
Fury,DamageMod,buff,25,docs/cobertura/status.csv:205,20,30,,,
Fury,DamageMod,buff,25,docs/cobertura/status.csv:205,100,50,75,25,docs/cobertura/revisao/RV-19-shrines.md:487
Fury,DamageReduction,buff,-25,docs/cobertura/status.csv:205,0,-25,-5,20,docs/cobertura/revisao/RV-19-shrines.md:486
Fury,DamageReduction,buff,-25,docs/cobertura/status.csv:205,20,-30,,,
Fury,DamageReduction,buff,-25,docs/cobertura/status.csv:205,100,-50,-30,20,docs/cobertura/revisao/RV-19-shrines.md:487
Dwarven Aura,,buff,20,resources.assets@1517115364,0,20,,,
Dwarven Aura,,buff,20,resources.assets@1517115364,20,24,,,
Dwarven Aura,,buff,20,resources.assets@1517115364,100,40,,,
Decay Shrine Aura,,perigo,10,resources.assets@1517114276,0,10,,,
Decay Shrine Aura,,perigo,10,resources.assets@1517114276,20,12,,,
Decay Shrine Aura,,perigo,10,resources.assets@1517114276,100,20,,,
Flame Shrine Aura,,perigo,5,resources.assets@1517121008,0,5,,,
Flame Shrine Aura,,perigo,5,resources.assets@1517121008,20,6,,,
Flame Shrine Aura,,perigo,5,resources.assets@1517121008,100,10,,,
