nome,tipo,raridade,descricao,status
Abyss,Suffix,Mythic,Shadow skill damage increased by [15]%,revisado
Agile,Prefix,Common,Dexterity increased,revisado
Agile,Prefix,Rare,Dexterity increased by [9],revisado
Amber,Suffix,Legendary,Lightning Resistance increased by 10%,revisado
Angel,Suffix,Legendary,Divine Resistance increased by 10%,corrigido
Apprentice,Suffix,Common,Armor increased by 5%,revisado
Apprentice,Suffix,Common,Weapon damage increased by [12]%,revisado
Aquamarine,Suffix,Rare,Cold Resistance increased by 5%,revisado
Artificer,Suffix,Legendary,Armor increased by 35%,revisado
Artificer,Suffix,Legendary,Weapon damage increased by [24]%,revisado
Artisan,Suffix,Uncommon,Armor increased by 15%,revisado
Artisan,Suffix,Uncommon,Weapon damage increased by [16]%,revisado
Avalanche,Suffix,Mythic,Cold skill damage increased by [15]%,revisado
Barbed,Prefix,Common,Physical Damage Return +8.,revisado
Barbs,Suffix,Legendary, +[16] Physical Damage Return.,revisado
Befouled,Prefix,Common,+[2] Damage to Shadow,revisado
Behemoth,Suffix,Rare,Weapon damage increased by [25]% Movement points lowered by 1,revisado
Bestowing,Prefix,Common,Summon resistance increased,revisado
Bestowing,Prefix,Rare,Summon resistance increased by 5%.,revisado
Blessed,Prefix,Common,Item attributes increased by 10%,revisado
Blessed,Prefix,Uncommon,+[4] added Healing.,revisado
Blighted,Prefix,Common,Shadow skill damage increased,revisado
Blighted,Prefix,Rare,+[6] Damage to Shadow,revisado
Bolstered,Prefix,Common,+20 added Physical Armor,revisado
Brawny,Prefix,Common,Might increased by [3],revisado
Bright,Prefix,Common,Intelligence increased,revisado
Bright,Prefix,Uncommon,Intelligence increased by [6],revisado
Brilliant,Prefix,Common,Intelligence increased,revisado
Brilliant,Prefix,Legendary,Intelligence increased by [12],revisado
Bristles,Suffix,Common, +[4] Physical Damage Return.,revisado
Burning,Prefix,Common,Fire skill damage increased,revisado
Burning,Prefix,Rare,+[6] Damage to Fire,revisado
Butchery,Suffix,Legendary,Critical Hit Damage and Healing increased by [45]%,revisado
Caretaker's,Prefix,Legendary,Summon Health increased by [10]%,revisado
Carnage,Suffix,Rare,Critical Hit Damage and Healing increased by [35]%,revisado
Carnelian,Suffix,Rare,Fire Resistance increased by 5%,revisado
Charged,Prefix,Common,Lightning skill damage increased,revisado
Charged,Prefix,Uncommon,+[4] Damage to Lightning,revisado
Chilled,Prefix,Common,+[2] Damage to Cold,revisado
Chromatic,Prefix,Common,Resistances increased,revisado
Citrine,Suffix,Rare,Lightning Resistance increased by 5%,revisado
Clever,Prefix,Common,Intelligence increased,revisado
Clever,Prefix,Common,Intelligence increased by [3],revisado
Cold,Prefix,Common,Cold skill damage increased,revisado
Cold,Prefix,Uncommon,+[4] Damage to Cold,revisado
Colossal,Prefix,Common,Weapon damage increased by 40% Movement points lowered,revisado
Colossus,Suffix,Legendary,Weapon damage increased by [30]% Movement points lowered,revisado
Commanding,Prefix,Mythic,Increases Summon Limit by 1.,revisado
Conflagration,Suffix,Legendary,Fire skill damage increased by [12]%,revisado
Conjurer,Suffix,Common,Summon Damage increased by [4]%,revisado
Crusher,Suffix,Rare,Physical damage increased by [9]%,revisado
Crushing,Prefix,Common,Physical damage increased,revisado
Cursed,Prefix,Legendary,+[8] Damage to Shadow,revisado
Darkened,Prefix,Common,Shadow skill damage increased,revisado
Darkness,Suffix,Uncommon,Shadow skill damage increased by [6]%,revisado
Deadly,Prefix,Common,Crit damage increased,revisado
Death Hunter,Suffix,Mythic,Summon Health increased by [12]%,revisado
Defending,Prefix,Common,Physical resistance increased,revisado
Dexterous,Prefix,Mythic,Dexterity increased by [15],revisado
Diffusing,Prefix,Common,Lightning resistance increased,revisado
Distancing,Prefix,Common,Skill range increased,revisado
Distancing,Prefix,Uncommon,Skill range increased by 1.,revisado
Doctor,Suffix,Legendary,Holy power increased by [12]%,corrigido
Dusk,Suffix,Rare,Shadow skill damage increased by [9]%,revisado
Electrified,Prefix,Common,Lightning skill damage increased,revisado
Electrified,Prefix,Legendary,+[8] Damage to Lightning,revisado
Elusive,Prefix,Common,Reflex increased,revisado
Elusive,Prefix,Common,Reflex increased by [3],revisado
Embalmer,Suffix,Rare,Summon Health increased by [8]%,revisado
Embalmer's,Prefix,Common,Summon health increased.,revisado
Enchanter,Suffix,Uncommon,Elemental skill damage increased by [6]%,revisado
Enduring,Prefix,Legendary,Vitality increased by [12],revisado
Energized,Prefix,Rare,+[6] Damage to Lightning,revisado
Energizing,Prefix,Common,Mana costs lowered,revisado
Energizing,Prefix,Uncommon,Mana costs lowered by 5%.,revisado
Evasive,Prefix,Common,Reflex increased,revisado
Evasive,Prefix,Uncommon,Reflex increased by [6],revisado
Evisceration,Suffix,Mythic,Critical Hit Damage and Healing increased by [55]%,revisado
Exalted,Prefix,Common,Item attributes increased by 30%,revisado
Exalted,Prefix,Legendary,+[8] added Healing.,revisado
Exceptional,Prefix,Common,Weapon damage increased by 10%,revisado
Exceptional,Prefix,Uncommon,+20 added Armor and Magic Armor,revisado
Exceptional,Prefix,Uncommon,+[10] to Weapon Damage,revisado
Exquisite,Prefix,Common,Weapon damage increased by 15%,revisado
Exquisite,Prefix,Rare,+30 added Armor and Magic Armor,revisado
Exquisite,Prefix,Rare,+[20] to Weapon Damage,revisado
Fatal,Prefix,Common,Crit damage increased,revisado
Feral,Prefix,Legendary,Summon Damage increased by [10]%,revisado
Fiery,Prefix,Legendary,+[8] Damage to Fire,revisado
Fine,Prefix,Common,Weapon damage increased by 5%,revisado
Fine,Prefix,Common,+10 added Armor and Magic Armor,revisado
Fine,Prefix,Common,+[5] to Weapon Damage,revisado
Fire,Suffix,Rare,Fire skill damage increased by [9]%,revisado
Fireproof,Prefix,Common,Fire resistance increased,revisado
Fit,Prefix,Common,Vitality increased,revisado
Fit,Prefix,Common,Vitality increased by [3],revisado
Flame,Suffix,Uncommon,Fire skill damage increased by [6]%,revisado
Fortified,Prefix,Common,Armor increased by 15%,revisado
Fortified,Prefix,Rare,+60 added Physical Armor,revisado
Frigid,Prefix,Common,Cold skill damage increased,revisado
Frigid,Prefix,Legendary,+[8] Damage to Cold,revisado
Frost,Suffix,Common,Cold skill damage increased by [3]%,revisado
Gargantuan,Suffix,Legendary,Armor increased by [50]% Movement points lowered 1,revisado
Garnet,Suffix,Legendary,Fire Resistance increased by 10%,revisado
Ghostly,Prefix,Common,Reflex increased,revisado
Ghostly,Prefix,Mythic,Reflex increased by [15],revisado
Giant,Suffix,Common,Weapon damage increased by [15]% Movement points lowered,revisado
Gifted,Prefix,Common,Intelligence increased,revisado
Gifted,Prefix,Rare,Intelligence increased by [9],revisado
Glacial,Prefix,Common,Cold skill damage increased,revisado
Glacial,Prefix,Mythic,+[10] Damage to Cold,revisado
Glacier,Suffix,Legendary,Cold skill damage increased by [12]%,revisado
Gloom,Suffix,Common,Shadow skill damage increased by [3]%,revisado
Gloomy,Prefix,Common,Shadow skill damage increased,revisado
God,Suffix,Mythic,Divine Resistance increased by 15%,corrigido
Goliath,Suffix,Uncommon,Weapon damage increased by [20]% Movement points lowered,revisado
Gore,Suffix,Common,Critical Hit Damage and Healing increased by [15]%,revisado
Gravekeeper,Suffix,Uncommon,Summon Health increased by [6]%,revisado
Gravekeeper's,Prefix,Common,Summon health increased.,revisado
Grounding,Prefix,Common,Lightning resistance increased,revisado
Guarding,Prefix,Common,+20 added Magic Armor,revisado
Hallowed,Prefix,Mythic,+[10] added Healing.,revisado
Handler's,Prefix,Rare,Summon Health increased by [8]%,revisado
Healer,Suffix,Rare,Holy power increased by [9]%,corrigido
Healthy,Prefix,Common,Vitality increased,revisado
Healthy,Prefix,Uncommon,Vitality increased by [6],revisado
Hearty,Prefix,Common,Vitality increased,revisado
Hearty,Prefix,Rare,Vitality increased by [9],revisado
Heavy,Prefix,Common,Weapon damage increased by 20% Movement points lowered,revisado
Hefty,Prefix,Common,Armor increased by 25% Movement points lowered,revisado
Herculean,Prefix,Common,Might increased,revisado
Herculean,Prefix,Mythic,Might increased by [15],revisado
Holy,Prefix,Common,Healing skill power increased,revisado
Hulk,Suffix,Uncommon,Armor increased by [30]% Movement points lowered 1,revisado
Hulking,Prefix,Common,Armor increased by 45% Movement points lowered,revisado
Icicle,Suffix,Uncommon,Cold skill damage increased by [6]%,revisado
Icy,Prefix,Common,Cold skill damage increased,revisado
Icy,Prefix,Rare,+[6] Damage to Cold,revisado
Imbued,Prefix,Common,Healing skill power increased,revisado
Immaterial,Prefix,Common,Reflex increased,revisado
Immaterial,Prefix,Rare,Reflex increased by [9],revisado
Immortal,Prefix,Common,Vitality increased,revisado
Immortal,Prefix,Mythic,Vitality increased by [15],revisado
Impenetrable,Prefix,Common,Armor increased by 20%,revisado
Impenetrable,Prefix,Legendary,+80 added Physical Armor,revisado
Incorporeal,Prefix,Legendary,Reflex increased by [12],revisado
Indestructible,Prefix,Common,Armor increased by 25%,revisado
Indestructible,Prefix,Mythic,+100 added Physical Armor,revisado
Inferno,Suffix,Mythic,Fire skill damage increased by [15]%,revisado
Ingenious,Prefix,Mythic,Intelligence increased by [15],revisado
Instinctual,Prefix,Uncommon,Summon Damage increased by [6]%,revisado
Insulated,Prefix,Common,Cold resistance increased,revisado
Insulating,Prefix,Common,Cold resistance increased,revisado
Iron,Suffix,Legendary,Physical Resistance increased by 10%,revisado
Jagged,Prefix,Rare,+[6] Damage to Physical,revisado
Journeyman,Suffix,Rare,Armor increased by 25%,revisado
Journeyman,Suffix,Rare,Weapon damage increased by [20]%,revisado
Keen,Prefix,Common,+[2] Damage to Physical,revisado
Keeper's,Prefix,Mythic,Summon Health increased by [12]%,revisado
Lapis,Suffix,Legendary,Cold Resistance increased by 10%,revisado
Lethal,Prefix,Common,Crit damage increased,revisado
Leviathan,Suffix,Mythic,Armor increased by [60]% Movement points lowered 1,revisado
Lich,Suffix,Mythic,Summon Damage increased by [12]%,revisado
Lich's,Prefix,Common,Summon damage increased,revisado
Lightning,Suffix,Rare,Lightning skill damage increased by [9]%,revisado
Magician,Suffix,Common,Elemental skill damage increased by [3]%,revisado
Magician's,Prefix,Common,Elemental skill damage increased,revisado
Magus,Suffix,Rare,Elemental skill damage increased by [9]%,revisado
Magus',Prefix,Common,Elemental skill damage increased,revisado
Mammoth,Suffix,Common,Armor increased by [20]% Movement points lowered 1,revisado
Mangler,Suffix,Legendary,Physical damage increased by [12]%,revisado
Mangling,Prefix,Common,Physical damage increased,revisado
Marking,Prefix,Mythic,Gain 1% Damage for every hex between you and your target.,revisado
Masher,Suffix,Common,Physical damage increased by [3]%,revisado
Massive,Prefix,Common,Armor increased by 35% Movement points lowered,revisado
Master,Suffix,Mythic,Armor increased by 45%,revisado
Master,Suffix,Mythic,Weapon damage increased by [28]%,revisado
Master's,Prefix,Common,Summon damage increased,revisado
Masterwork,Prefix,Common,Weapon damage increased by 20%,revisado
Masterwork,Prefix,Legendary,+40 added Armor and Magic Armor,revisado
Masterwork,Prefix,Legendary,+[30] to Weapon Damage,revisado
Mender,Suffix,Common,Holy power increased by [3]%,corrigido
Mighty,Prefix,Common,Might increased,revisado
Mighty,Prefix,Legendary,Might increased by [12],revisado
Monstrosity,Suffix,Rare,Armor increased by [40]% Movement points lowered 1,revisado
Monstrous,Prefix,Common,Weapon damage increased by 30% Movement points lowered,revisado
Mortician,Suffix,Common,Summon Health increased by [4]%,revisado
Mortician's,Prefix,Common,Summon health increased.,revisado
Necromancer,Suffix,Legendary,Summon Damage increased by [10]%,revisado
Necromancer's,Prefix,Common,Summon health increased.,revisado
Negating,Prefix,Rare,+60 added Magic Armor,revisado
Nimble,Prefix,Common,Dexterity increased,revisado
Nimble,Prefix,Uncommon,Dexterity increased [6],revisado
Nullifying,Prefix,Legendary,+80 added Magic Armor,revisado
Occultist,Suffix,Rare,Summon Damage increased by [8]%,revisado
Perfected,Prefix,Common,Weapon damage increased by 25%,revisado
Perfected,Prefix,Mythic,+50 added Armor and Magic Armor,revisado
Perfected,Prefix,Mythic,+[40] to Weapon Damage,revisado
Physician,Suffix,Uncommon,Holy power increased by [6]%,corrigido
Poisoning,Prefix,Legendary,Attacks apply 1 stack of {STA=Poisoned}.,revisado
Powerful,Prefix,Common,Might increased,revisado
Powerful,Prefix,Rare,Might increased by [9],revisado
Prickly,Prefix,Common,Physical Damage Return +2.,revisado
Primal,Prefix,Mythic,Summon Damage increased by [12]%,revisado
Protecting,Prefix,Common,Physical resistance increased,revisado
Protecting,Prefix,Uncommon,+40 added Magic Armor,revisado
Protecting,Prefix,Legendary,All resistance increased by 5%.,revisado
Pulverizer,Suffix,Mythic,Physical damage increased by [15]%,revisado
Pulverizing,Prefix,Common,Physical damage increased,revisado
Quick,Prefix,Common,Dexterity increased,revisado
Quick,Prefix,Common,Dexterity increased [3],revisado
Radiant,Prefix,Common,Healing skill power increased,revisado
Regenerating,Prefix,Legendary,5% of your max life regenerated per turn.,revisado
Reinforced,Prefix,Common,Armor increased by 10%,revisado
Reinforced,Prefix,Uncommon,+40 added Physical Armor,revisado
Retardant,Prefix,Common,Fire resistance increased,revisado
Revered,Prefix,Common,+[2] added Healing.,revisado
Rime,Suffix,Rare,Cold skill damage increased by [9]%,revisado
Ruby,Suffix,Mythic,Fire Resistance increased by 15%,revisado
Sacrificing,Prefix,Mythic,Power increased by 20%. Max Health decreased by 10%.,revisado
Saint,Suffix,Rare,Divine Resistance increased by 5%,corrigido
Sanctified,Prefix,Common,Item attributes increased by 20%,revisado
Sanctified,Prefix,Rare,+[6] added Healing.,revisado
Sapphire,Suffix,Mythic,Cold Resistance increased by 15%,revisado
Savior,Suffix,Mythic,Holy power increased by [15]%,corrigido
Savior's,Prefix,Common,Healing skill power increased,revisado
Sawtooth,Prefix,Legendary,+[8] Damage to Physical,revisado
Scorching,Prefix,Common,Fire skill damage increased,revisado
Scorching,Prefix,Mythic,+[10] Damage to Fire,revisado
Searing,Prefix,Common,Fire skill damage increased,revisado
Searing,Prefix,Uncommon,+[4] Damage to Fire,revisado
Serrated,Prefix,Mythic,+[10] Damage to Physical,revisado
Shadows,Suffix,Legendary,Shadow skill damage increased by [12]%,revisado
Sharp,Prefix,Uncommon,+[4] Damage to Physical,revisado
Shielding,Prefix,Mythic,Damage Reduction increased by 5%.,revisado
Shock,Suffix,Uncommon,Lightning skill damage increased by [6]%,revisado
Shocking,Prefix,Common,Lightning skill damage increased,revisado
Shocking,Prefix,Common,+[2] Damage to Lightning,revisado
Slaughter,Suffix,Uncommon,Critical Hit Damage and Healing increased by [25]%,revisado
Smasher,Suffix,Uncommon,Physical damage increased by [6]%,revisado
Smashing,Prefix,Common,Physical damage increased,revisado
Smouldering,Prefix,Common,Fire skill damage increased,revisado
Smouldering,Prefix,Common,+[2] Damage to Fire,revisado
Sorcerer,Suffix,Legendary,Elemental skill damage increased by [12]%,revisado
Sorcerer's,Prefix,Common,Elemental skill damage increased,revisado
Spark,Suffix,Common,Fire skill damage increased by [3]%,revisado
Spiked,Prefix,Common,Physical Damage Return +6.,revisado
Spikes,Suffix,Rare, +[12] Physical Damage Return.,revisado
Spines,Suffix,Uncommon, +[8] Physical Damage Return.,revisado
Static,Prefix,Common,Lightning skill damage increased,revisado
Static,Suffix,Common,Lightning skill damage increased by [3]%,revisado
Steel,Suffix,Mythic,Physical Resistance increased by 15%,revisado
Stone,Suffix,Rare,Physical Resistance increased by 5%,revisado
Storms,Suffix,Mythic,Lightning skill damage increased by [15]%,revisado
Strong,Prefix,Common,Might increased,revisado
Strong,Prefix,Uncommon,Might increased by [6],revisado
Summoner,Suffix,Uncommon,Summon Damage increased by [6]%,revisado
Summoner's,Prefix,Common,Summon damage increased,revisado
Swift,Prefix,Common,Dexterity increased,revisado
Swift,Prefix,Legendary,Dexterity increased [12],revisado
Tainted,Prefix,Uncommon,+[4] Damage to Shadow,revisado
Tamer's,Prefix,Uncommon,Summon Health increased by [6]%,revisado
Thorns,Suffix,Mythic, +[20] Physical Damage Return.,revisado
Thorny,Prefix,Common,Physical Damage Return +4.,revisado
Thunder,Suffix,Legendary,Lightning skill damage increased by [12]%,revisado
Thunderstruck,Prefix,Mythic,+[10] Damage to Lightning,revisado
Tier I,EndGame,Common,All stats increased by 50%,revisado
Tier II,EndGame,Common,All stats increased by 100%,revisado
Tier III,EndGame,Common,All stats increased by 150%,revisado
Titan,Suffix,Mythic,Weapon damage increased by [35]% Movement points lowered,revisado
Topaz,Suffix,Mythic,Lightning Resistance increased by 15%,revisado
Trainer's,Prefix,Common,Summon damage increased,revisado
Trainer's,Prefix,Common,Summon Health increased by [4]%,revisado
Umbra,Prefix,Common,Shadow skill damage increased,revisado
Umbral,Prefix,Mythic,+[10] Damage to Shadow,revisado
Undertaker,Suffix,Legendary,Summon Health increased by [10]%,revisado
Untamed,Prefix,Common,Summon Damage increased by [4]%,revisado
Vampiric,Prefix,Rare,Lifesteal increased by 2%.,revisado
Violent,Prefix,Legendary,Critical Hit chance increased by 5%.,revisado
Wandering,Prefix,Common,Movement points increased,revisado
Wandering,Prefix,Uncommon,Movement points increased by 1.,revisado
Warding,Prefix,Mythic,+100 added Magic Armor,revisado
Wild,Prefix,Rare,Summon Damage increased by [8]%,revisado
Wizard,Suffix,Mythic,Elemental skill damage increased by [15]%,revisado
Wizard's,Prefix,Common,Elemental skill damage increased,revisado
